partido,goles_local,goles_visitante
Gimnasia M. vs Defensa y Justicia,2,1
Cruzeiro vs Atletico-MG,1,3
Union Omaha vs Greenville Triumph,2,0
Rangers de Talca vs D. Puerto Montt,0,1
Barcelona SC vs Manta FC,1,1
Nublense vs Cobresal,2,0
Comunicaciones vs Antigua GFC,2,0
Puerto Cabello vs Deportivo La Guaira,1,1
Platense vs Estudiantes L.P.,0,2
Monterrey W vs Cruz Azul W,4,0
Chicago Fire vs FC Cincinnati,2,3
Houston Dynamo vs Colorado Rapids,1,0
Corpus Christi vs Spokane Velocity,0,0
San Antonio vs Colorado Springs,3,3
North Texas vs Austin II,0,2
Bubali vs La Fama,1,1
Angel City W vs Utah Royals W,0,1
Spokane Zephyr W vs Lexington W,0,0
Boise vs Chattanooga Red Wolves,2,1
Alianza Lima vs UCV Moquegua,2,1
Tigres UANL vs Guadalajara Chivas,3,1
Matagalpa vs Diriangén,0,1
San Diego vs Los Angeles FC,2,2
Alianza FC vs Sporting San Miguelito,3,2
CD Arabe Unido vs Plaza Amador,0,3
UMECIT vs Tauro FC,5,2
Sacramento Republic vs Orange County SC,3,2
Durango vs Deportivo Zap,2,1
CS Cartagines vs CS Herediano,0,1
Los Angeles Galaxy vs Vancouver Whitecaps,1,1
Las Vegas Lights vs Lexington,2,1
Kahibah vs Broadmeadow Magic,1,3
Atlas vs Cruz Azul,2,3
JEF United W vs Cerezo Osaka W,0,1
Vanraure Hachinohe vs Thespakusatsu Gunma,0,1
Matsumoto Yamaga vs Ventforet Kofu,0,1
Sanfrecce Hiroshima W vs Tokyo Verdy Beleza W,2,0
Sydney United vs Sydney Olympic,3,0
South East Utd. U21 vs Hobart Utd.,3,6
INAC Kobe Leonessa W vs Parceiro Nagano W,5,1
Urawa Reds W vs Vegalta Sendai W,0,1
Daegu FC vs Gyeongnam FC,2,0
Hwaseong vs Ansan Greeners,2,0
Seoul E-Land FC vs Gimpo Citizen,2,1
Wollongong Wolves vs Rockdale City Suns,2,2
Weston Bears vs Edgeworth Eagles,2,2
Tokyo Verdy vs Kashiwa Reysol,1,0
Fukushima United vs Omiya Ardija,1,2
Albirex Niigata vs Kamatamare Sanuki,2,1
Imabari vs Nara Club,1,2
Roasso Kumamoto vs Biwako Shiga,2,0
Kitakyushu vs Oita Trinita,2,1
Kanazawa vs Kataller Toyama,0,1
Hong Kong FC vs Southern District,1,4
Khovd Western vs Deren,1,5
Brisbane Roar FC W vs Wellington Phoenix W,2,1
Cheonan City vs Asan Mugunghwa,1,0
Gimhae City vs Busan I Park,0,1
Paju Citizen vs Cheongju,0,0
Yongin City vs Seongnam FC,1,2
Paksi SE II vs Siofok,1,3
AC Taipei vs Tainan City,1,0
Taichung Rock FC vs Tatung,1,0
Richards Bay U23 vs Polokwane City U23,3,0
Orbit College U23 vs TS Galaxy U23,4,2
Gloria Bistrița-Năsăud W vs Unirea Alba Iulia W,1,1
V-varen Nagasaki vs Nagoya Grampus,1,2
WIT Georgia vs Dinamo Tbilisi II,3,2
Slavia Praha II vs Baník Ostrava II,0,3
Viktoria Žižkov vs Táborsko,3,1
Zbrojovka Brno II vs Slovácko II,2,1
Karviná II vs Start Brno,0,5
Sigma Olomouc II vs Frýdek-Místek,0,1
Uničov vs Vítkovice,0,4
Jablonec II vs Baník Souš,0,3
Slovan Liberec II vs Slovan Velvary,8,1
Meteor Praha vs Tempo Praha,1,2
Austria Lustenau vs Schwarz-Weiß Bregenz,2,0
Austria Klagenfurt vs Rapid Wien II,2,1
Petržalka vs Dukla Banská Bystrica,1,3
Žilina II vs Malženice,1,1
Persik Kediri vs Arema FC,3,2
DAC II vs MŠK Senec,1,1
Videm vs Šmartno,5,2
Barito Putera vs Persipal,8,3
Deltras vs Persiba Balikpapan,2,1
Persipura Jayapura vs Persiku Kudus,2,0
PSS Sleman vs PSIS Semarang,3,0
Tornado Pekanbaru vs Persela Lamongan,5,0
Paloma vs Sasel,2,2
Rekord Bielsko-Biala W vs Pogon Tczew W,5,1
Juventus U20 vs Frosinone U20,1,1
Geestemünde vs Habenhauser FV,2,0
Ferencváros II vs Majosi,2,3
Újpest II vs Haladás VSE,1,2
Kisvárda II vs Diósgyőr II,4,1
Nyiregyhaza II vs Tiszaújváros,8,2
Rukh Vynnyky U19 vs Zorya Luhansk U19,1,2
Meppen W vs Ingolstadt W,3,2
Dong Thap vs PVF-CAND,0,0
Ho Chi Minh vs Binh Dinh,3,0
Hertha BSC U19 vs Babelsberg U19,4,3
Chemnitzer FC U19 vs St. Pauli U19,0,0
SGV Freiberg Fussball U19 vs Karlsruher SC U19,2,0
Elversberg U19 vs FK Pirmasens U19,1,3
SG Unterrath U19 vs Rot-Weiss Essen U19,1,3
Rheindorf Altach vs First Vienna W,1,3
Radnički Obrenovac vs FK T6 Nika,2,1
Melita vs Birzebbuga,0,3
Hoffenheim U19 vs Schalke 04 U19,2,1
Mainz 05 U19 vs Augsburg U19,3,0
Las Rozas vs Unión Adarve,0,2
Tres Cantos vs Leganés II,2,3
AD Parla vs Galapagar,0,5
Carabanchel vs Pozuelo Alarcón,3,2
SS Reyes II vs A Madrid III,1,0
Racing Madrid vs Villaverde-Boetticher,0,4
Alcorcón II vs Torrejón,0,1
Móstoles vs Villanueva Pardillo,3,5
Alcobendas Sport vs Trival Valderas,0,2
Parnu JK Vaprus U21 vs Luunja,7,2
Brøndby vs Fortuna Hjørring,2,0
Nordsjælland vs Køge,1,1
Obolon'-Brovar vs Kudrivka,1,1
Sandecja Nowy Sącz vs Podhale Nowy Targ,0,0
Atletico Madrid W vs Eibar W,4,0
Deportivo de La Coruña W vs Real Sociedad W,1,2
Portimonense vs Chaves,3,2
Vorskla Poltava vs Livyi Bereh,0,1
Inhulets vs Probiy Horodenka,3,1
Teruel vs Tarazona,0,0
Juventud Torremolinos vs Atlético Madrid II,3,1
Villarreal II vs Hércules,1,0
Arenteiro vs Cacereño,0,4
Numancia vs Marino de Luanco,1,0
Coruxo vs Gimnástica Segoviana,3,1
Real Ávila vs Deportivo La Coruña II,0,4
Real Oviedo II vs Langreo,3,2
Salamanca UDS vs Lealtad,2,1
Sarriana vs Racing Santander II,3,4
UD Ourense vs Atlético Astorga,1,1
Sámano vs Bergantiños,0,5
Real Valladolid II vs Burgos Promesas,2,0
Basconia vs Ejea,5,1
Beasain vs Real Zaragoza II,3,2
Ebro vs UD Logroñés,0,3
Gernika vs Deportivo Alavés II,0,0
Mutilvera vs Amorebieta,0,2
SD Logroñés vs Tudelano,0,1
Sestao River vs Utebo,1,0
Xerez vs Ucam Murcia,1,0
Yeclano vs Estepona,1,1
Recreativo Huelva vs Xerez Deportivo,3,2
Águilas vs Almería II,2,0
Deportiva Minera vs Lorca Deportiva,1,0
Real Jaén vs Antoniano,1,1
La Unión Atlético vs Puente Genil,1,0
Linares Deportivo vs Extremadura 1924,1,2
Málaga II vs Melilla,3,3
Intercity vs Colonia Moscardó,2,0
Elche II vs Quintanar del Rey,1,3
Navalcarnero vs Fuenlabrada,3,1
Orihuela vs Getafe II,2,1
Rayo Majadahonda vs Rayo Vallecano II,3,0
Real Madrid III vs Conquense,0,1
RSD Alcalá vs CD Coria,1,2
Socuéllamos vs Las Palmas II,1,1
Tenerife II vs SS Reyes,1,3
Andratx vs Atlètic Lleida,3,0
Castellón II vs Girona II,4,2
Porreres vs Alcoyano,0,0
Sant Andreu vs Barbastro,0,1
Ibiza Islas Pitiusas vs Poblense,3,1
Terrassa vs Reddis,0,1
Torrent vs Barcelona B,3,1
Mamelodi Sundowns U23 vs Kaizer Chiefs U23,2,0
CD Lugo B vs Barbadás,5,1
Marbelli vs Granada II,0,1
Mancha Real vs Ciudad de Torredonjimeno,1,2
Mijas Las Lagunas vs Huétor Vega,3,0
Martos vs Huétor Tájar,1,0
Torreperogil vs El Palo,0,2
Arenas Armilla vs Alhaurino,0,1
Churriana Vega vs UD San Pedro,1,1
Atlético Porcuna vs Torre del Mar,1,0
Atlético Central vs Linense,2,1
Conil vs Recreativo Huelva,3,2
Chiclana vs Pozoblanco,0,0
Córdoba II vs San Roque Lepe,2,0
Coria CF vs Tomares,2,2
Cádiz II vs Ciudad de Lucena,3,0
Utrera vs Sevilla III,1,0
Ceuta II vs Castilleja,2,2
Dos Hermanas vs Bollullos,1,2
Platges Calvià vs Manacor,4,2
Formentera vs Cardassar,3,1
Santanyí vs Peña Deportiva,2,1
Rotlet Molinar vs Constància,1,3
Alcúdia vs Binissalem,1,1
Mallorca II vs Mercadal,7,0
Inter Ibiza vs Llosetense,0,1
Son Cladera vs Felanitx,4,3
El Palmar vs Atlético Pulpileño,0,0
UD Caravaca vs Olímpico Totana,0,1
Villafranca vs Jerez,2,1
Don Benito vs Diocesano,8,1
Calamonte vs Badajoz,0,3
UD Logroñés II vs Autol,8,0
Villegas vs Vianés,1,1
Racing Power W vs Braga W,1,2
Olot vs Valencia II,2,0
Hakla SC vs Accra Lions,2,1
Farul Constanţa W vs Olimpia Cluj W,2,0
Levanger vs Tromsdalen Uil,2,3
Alta vs Fauske Sprint,4,4
Suwon City FC vs Suwon Bluewings,3,1
Guimaraes B vs Mafra,0,2
Sanna Khanh Hoa vs Xuan Thien Phu Tho,1,1
Ulytau vs Yelimay Semey,1,0
Izhevsk vs Akron II,2,1
Krylya Sovetov II vs Rubin Kazan 2,0,1
BC Rangers vs Kowloon City,1,2
Khovd vs Central Stallions,0,9
Paro vs Drukpa,2,4
Cheng Fung vs Artilheiros,5,0
Ulinzi Stars vs Tusker,1,2
Wolfsburg U19 vs Paderborn U19,1,5
GKS Katowice vs Nieciecza,5,1
FC Volendam vs Heerenveen,0,2
AZ vs Heerenveen W,1,5
Bologna vs Cagliari,0,0
HT16 vs Curslack-Neuengamme,5,1
Silva vs Noia,5,2
Cerdanyola del Vallès vs Peralada,2,2
Badalona vs L'Hospitalet,3,2
L'Escala vs Lleida Esportiu,4,1
Montañesa vs Vic,0,1
Mollerussa vs Grama,1,2
Vilanova vs Can Vidalet,1,0
San Cristóbal vs Europa II,4,0
Vilassar Mar vs Tona,3,1
Cornellà vs Manresa,2,1
Parma W vs Lazio W,1,3
Bengaluru United vs Delhi FC,3,1
Sudeva vs SC Bengaluru,0,0
Arda Kardzhali vs Cherno More Varna,0,0
Salzburg W vs Austria Wien W,0,0
Atalanta U20 vs Fiorentina U20,1,2
Makkabi vs Eintracht Mahlsdorf,3,1
Türkiye vs Victoria Hamburg,1,3
Pogoń-Sokół Lubaczów vs Podlasie Biała Podlaska,1,3
Békéscsaba II vs ESMTK,1,3
Manchester City W vs Liverpool W,1,0
Tottenham Hotspur W vs London City Lionesses,2,1
Taichung Futuro vs Ming Chuan University,4,0
Taipower vs Hang Yuen,0,2
Arucas vs Mensajero,0,1
San Bartolomé vs Lanzarote,1,1
UD San Fernando vs Tenerife C,5,0
Real Unión de Tenerife vs Tamaraceite,0,1
Tenisca vs Herbania,4,0
San Miguel vs Panadería Pulido,1,1
Unión Sur Yaiza vs Telde,2,1
Atlético Paso vs Las Palmas III,1,0
Bidco United vs Kariobangi Sharks,0,0
Slavia Sofia II vs Kostinbrod,2,0
Prachuap vs Uthai Thani,2,0
Växjö vs Piteå W,1,2
Hønefoss vs Trygg/Lade,3,1
Brann II vs Åsane II,2,1
Ostersunds FK vs IFK Varnamo,3,2
KIF Örebro vs Trelleborg W,2,1
Astrio vs Qviding FIF,0,3
Song Lam Nghe An vs Hoang Anh Gia Lai,0,1
Osnabrück U19 vs Fortuna Köln U19,0,2
Mombasa Elite vs Migori Youth,0,0
Angkor Tiger vs Svay Rieng,4,3
Boeung Ket vs Phnom Penh Crown,2,0
NagaWorld vs Kompong Dewa,1,3
Kaluga vs Volgar Astrakhan,3,3
Leningradets vs Irtysh Omsk,1,1
Torpedo Miass vs Novosibirsk,1,1
Veles vs Rodina Moskva II,0,1
Ningbo Professional vs Changchun Yatai,3,1
Smiltene vs JDFS Alberts,2,3
KDV vs Dinamo Barnaul,3,1
Kolding IF vs Hvidovre,1,1
HPS W vs PK-35 Vantaa W,2,0
Hibernian vs Celtic,1,2
III. Kerületi TUE vs Honvéd II,3,0
Teplice vs Slovácko,1,1
Police Tero vs Nong Bua Pitchaya,2,1
Panevėžys vs FK Zalgiris Vilnius,2,1
Paks vs Debreceni VSC,5,2
SV Elversberg vs SC Paderborn 07,5,1
SpVgg Greuther Fürth vs 1. FC Nürnberg,1,1
Hannover 96 vs Preußen Münster,3,3
Karlsruher SC vs SV Darmstadt 98,2,1
1. FC Magdeburg vs Hertha BSC,1,0
MSV Duisburg vs Energie Cottbus,2,1
FC Sochi vs FC Orenburg,3,1
Empor Glauchau vs FC Lok Stendal,3,0
Tampines Rovers vs Home United,0,0
IB 1975 Ljubljana vs Žiri,3,1
Ratchaburi vs Rayong FC,6,1
Meizhou Kejia vs Shenzhen Juniors,1,4
Nanjing City vs Suzhou Dongwu,1,0
Bryne W vs Frigg Oslo FK W,2,0
KV Mechelen vs Gent,1,0
Klepp W vs Grei W,5,4
Celta Vigo vs Elche,3,1
Racing Santander vs Huesca,4,2
Chornomorets vs Prykarpattia,3,0
SGS Essen W vs Bayer Leverkusen W,0,4
Dewa United vs Semen Padang,1,0
Cosmos Koblenz vs Gonsenheim,2,1
Anker Wismar vs Sparta Lichtenberg,2,1
Neustrelitz vs Tasmania Berlin,2,0
BAK '07 vs Croatia Berlin,1,0
Heiligenstadt vs Budissa Bautzen,2,3
Union Sandersdorf vs FC Grimma,1,0
Einheit Rudolstadt vs Germania Halberstadt,1,0
Krieschow vs RSV Eintracht,1,0
Hertha Zehlendorf vs Magdeburg II,0,2
ZFC Meuselwitz vs BSG Chemie Leipzig,0,4
FSV Zwickau vs FC Rot-Weiß Erfurt,2,1
Altglienicke vs Chemnitzer FC,1,2
Halstenbek-Rellingen vs Harksheide,0,4
Buchholz vs Vorwärts-Wacker 04,2,1
Eintracht Norderstedt vs BW Lohne,2,1
Hamburger SV II vs Phönix Lübeck,0,1
Augsburg II vs Bayreuth,3,1
Stuttgarter Kickers vs FC 08 Homburg,2,0
Eintracht Trier vs Hessen Kassel,0,2
Paderborn II vs Fortuna Köln,2,1
VfR Neumünster vs Holstein Kiel II,0,6
Union Neumünster vs Kaltenkirchen,3,2
Heider SV vs SV Eichede,0,2
Eintracht Braunschw. II vs Schwarz-Weiß Rehden,1,2
Monori Se vs Szegedi VSE,5,4
Servette II vs Monthey,1,1
La Sarraz-Eclépens vs Stade Payerne,0,4
Eintracht Frankfurt II W vs SC Sand W,3,1
Borussia Monchengladbach W vs Viktoria Berlin W,1,1
Warbeyen W vs Andernach W,1,5
Bochum W vs Stuttgart W,0,2
Wolfsburg II W vs Mainz 05 W,1,3
Şamaxı FK vs Sabah FA,0,3
Homeboyz vs GOR Mahia,0,1
Lamphun Warrior vs Chiangrai United,0,0
Bellinzona vs Rapperswil,2,4
Yverdon Sport vs Étoile Carouge,3,5
Vasas Femina W vs Atletic Olimpia Gherla W,2,2
Hammarby FF vs Vasteras SK FK,3,0
Malmo FF vs Mjallby AIF,2,3
Træff vs Mjondalen,2,2
Vidar vs Notodden,0,5
Stockholm Internazionale vs Sollentuna,1,1
Betlemi vs Iveria Khashuri,1,1
Didube 2014 vs Saburtalo II,1,1
Gardabani vs Iberia 2010,2,0
Margveti 2006 vs Kolkheti Khobi,0,2
Merani Tbilisi vs Lokomotivi Tbilisi,1,0
Irao vs Gonio,4,0
Bollstanäs vs Lidingö,1,3
Fittja vs Smedby,5,3
Friska Viljor vs Gottne,3,4
Olmaliq vs Neftchi,0,0
RW Oberhausen U19 vs Darmstadt 98 U19,3,1
Equity Bank vs Nairobi City Stars,1,0
Kabati Youth FC vs Nzoia Sugar,1,1
Luanda Villa vs Darajani Gogo,1,0
Livyi Bereg 2 vs Kolos Kovalivka II,0,1
FC Vitebsk vs Slavia Mozyr,0,0
CSKA Pomir vs Istaravshan,2,1
Khatlon vs Istiqlol,0,2
Tekstilshchik vs Mashuk-KMV,1,1
Atyrau vs Altay,1,0
Transinvest 2 vs Minija,1,7
Odense vs Silkeborg,2,3
Randers FC vs Vejle,1,0
Bumprom vs FC Slutsk,1,3
Thy ThistedQ vs Osterbro W,3,0
Spartak Moscow 2 vs Kosmos Dolgoprudny,1,1
Chelyabinsk II vs Ural II,1,1
FC ST. Gallen vs FC Sion,0,3
Figueirense U20 vs Chapecoense U20,1,1
Nykobing FC vs Brønshøj,5,1
HIFK Helsinki vs Reipas,2,1
Chiba vs Universidade de Macau,7,1
Viettel vs Phu Dong,1,1
Fortuna Sittard vs Feyenoord,1,2
PEC Zwolle vs Heracles,1,0
Ruch Chorzów vs Odra Opole,2,0
Hutnik Kraków vs Warta Poznań,0,1
Metalist 1925 Kharkiv vs Polessya,0,1
Kuchl vs Pinzgau Saalfelden,1,0
Preußen Reinfeld vs Todesfelde,0,4
Hemelingen vs Eiche Horn,1,0
Podkonice vs Novohrad Lučenec,1,2
Winterthur II vs Wettswil-Bonstetten,5,0
Rudar Trbovlje vs Šencur,1,2
TuBa Pohlheim vs Hummetroth,4,2
Lillestrom vs Sarpsborg 08 FF,4,0
Brann W vs Hønefoss W,6,0
Olimpia vs Sportivo Ameliano,1,1
Deportivo Recoleta vs Cerro Porteno,2,1
Aigle Royal de Moungo vs Dynamo de Douala,1,2
Hombrucher SV U19 vs Alemannia Aachen U19,1,1
Austria Vienna vs TSV Hartberg,1,0
Altyn Asyr vs Şagadam,2,0
Nyasa Big Bullets vs MAFCO,1,0
Creck vs Be Forward Wanderers,1,2
Dedza Dynamos vs CIVO United,0,1
Karonga United vs Masters FC,1,2
Progreso vs Cerro Largo,0,1
Nairobi United vs KCB,0,1
Zaglebie Lubin vs Cracovia Krakow,0,0
Sassuolo vs AC Milan,2,0
Bournemouth vs Crystal Palace,3,0
Mura vs Koper,0,1
Lille vs Le Havre,1,1
Pacos Ferreira vs Feirense,1,2
Imigresen vs DPMM FC Brunei,3,1
Negeri Sembilan vs Melaka,0,0
Union Frintrop vs SC St. Tönis,4,2
Sonsbeck vs Meerbusch,4,1
Eppelborn vs TuS Koblenz,2,6
Eddersheim vs Kassel,1,1
ETSV Hamburg vs Niendorfer TSV,2,1
Türkspor Dortmund vs Hiltrup,0,0
Vreden vs Eintracht Rheine,0,0
Rot Weiss Ahlen vs Sprockhovel,0,0
Lippstadt 08 vs Erkenschwick,0,0
Victoria Clarholz vs ASC Dortmund,0,0
Eutiner SV vs Phönix L. II,3,2
Kilia Kiel vs Hohenwestedt,2,1
Nordmark Satrup vs Inter Türkspor Kiel,2,1
Meppen II vs Bersenbrück,5,1
Wilhelmshaven vs Spelle-Venhaus,2,0
Borussia Hildesheim vs Lupo-Martini,3,0
Holthausen-Biene vs Lüneburger SK Hansa,1,3
Germania Egestorf vs Atlas Delmenhorst,0,0
Heeslinger SC vs Wolfenbuttel,1,2
Green Eagles vs Mufulira Wanderers,2,0
Nkwazi vs ZESCO United,1,1
Nkana vs Nchanga Rangers,0,1
Kabwe Warriors vs NAPSA Stars,1,0
SF Düren vs TuS BW Königsdorf,2,3
Bergisch Gladbach vs Hennef 05,5,1
Wegberg-Beeck vs VfL Vichttal,3,1
Mamelodi Sundowns vs Polokwane City,3,0
Langenthal vs Muttenz,3,3
Besa Biel/Bienne vs Bassecourt,3,1
Homberg vs Hilden,3,5
Cape Town City vs Gomora United FC,4,0
Venda FC vs Leicesterfield,2,0
Budućnost Banovići vs Sloboda Tuzla,1,1
Ligorna vs NovaRomentin,9,1
Valenzana vs Chisola,2,3
Vado vs Biellese,3,2
Sestri Levante vs Sanremese,0,2
Lavagnese vs Città di Varese,2,3
Gozzano vs Cairese,1,0
Imperia vs Celle Varazze,0,1
Club Milano vs Asti,4,1
Saluzzo vs Derthona,1,1
USD Casatese vs Leon Monza e Brianza,1,0
Milan II vs Vogherese,10,1
Oltrepò vs Brusaporto,2,1
Breno vs Villa Valle,2,1
Caldiero Terme vs Varesina,2,2
Virtus Ciserano Bergamo vs Castellanzese,1,1
Real Calepina vs Scanzorosciate,1,1
Chievo vs Pavia,2,1
Este vs Luparense,2,0
Conegliano vs Altavilla,0,1
Bassano Virtus vs Calvi Noale,0,1
San Luigi vs FC Obermais,1,1
Campodarsego vs Cjarlins Muzane,4,1
Portogruaro vs Clodiense,0,2
Adriese vs Brian Lignano,0,4
Mestre vs Treviso,1,0
Vigasio vs Legnago Salus,1,4
Correggese vs Pro Sesto,1,0
Piacenza vs Crema,3,1
Lentigione vs Sant'Angelo,2,2
Tuttocuoio vs Trevigliese,3,3
Pro Palazzolo vs Coriano,1,1
Progresso vs Sasso Marconi Zola,4,1
Sangiuliano City vs Desenzano Calvina,0,5
Pistoiese vs Cittadella Vis Modena,5,0
Imolese vs Rovato Vertovese,1,0
Sansepolcro vs Camaiore,0,0
San Donato Tavarnelle vs Seravezza,1,1
Prato vs Montevarchi Calcio,1,0
Poggibonsi vs Scandicci,1,0
Gavorrano vs Tau Altopascio,1,2
Terranuova Traiana vs Orvietana Calcio,0,0
Foligno Calcio vs Cannara,1,0
Robur Siena vs Sporting Trestina,4,4
Unipomezia vs Vigor Senigallia,3,3
Castelfidardo Calcio vs Sora,0,2
Atletico Ascoli vs Teramo,1,1
Real Giulianova vs Ostia Mare,4,0
Victor San Marino vs Sammaurese,1,0
Ancona vs Notaresco,1,1
Chieti vs Maceratese,1,0
Termoli Calcio vs L'Aquila,1,1
Recanatese vs Fossombrone,2,0
Budoni vs Latte Dolce,0,0
Real Monterotondo vs Valmontone,0,5
Albalonga vs Scafatese,1,4
Nocerina vs Ischia,0,1
Anzio vs Trastevere,2,0
Montespaccato vs Flaminia,2,4
Cassino vs Atletico Lodigiani,0,2
Sarrabus Ogliastra vs Olbia,2,2
Fidelis Andria vs Pompei,1,2
Virtus Francavilla vs Sarnese,2,2
Real Acerrana vs Manfredonia,1,2
Nola 1925 vs Martina Franca,2,1
Nardò vs Barletta,1,0
Gravina vs Real Normanna,3,2
Francavilla vs Afragolese,2,0
Heraclea vs Ferrandina,2,1
Città di Fasano vs Paganese,6,0
Reggina vs Sambiase,4,2
Savoia vs Sancataldese,3,0
Vibonese vs Acireale,1,0
CastrumFavara vs Enna,2,2
Messina vs Milazzo,1,0
Vigor Lamezia vs Igea Virtus,4,1
Ragusa vs AC Palermo,1,2
Gelbison vs Gela,1,0
Nissa vs Paternò,4,1
São Salvador vs 1º de Agosto,0,3
Fiorentina W vs Como W,1,0
Chicken Inn vs Dynamos,2,1
Ngezi Platinum vs Manica Diamonds,1,0
Scotland Mabvuku vs Simba Bhora,1,2
Triangle United vs TelOne,1,2
Norrköping W vs Eskilstuna United,0,2
Arendal vs Sandviken,0,0
Helsingborg vs IK brage,2,0
Kom vs Iskra,1,2
EIF vs Kooteepee,5,2
Piteå vs Arlanda,1,2
Umeå FC vs Karlberg,2,1
Víkingur II vs NSÍ II,2,1
AS Kigali vs Al Hilal Omdurman,0,0
Muhanga vs Bugesera,0,0
Mukura vs Rutsiro,1,2
Stenungsund vs IF Karlstad II,2,0
Nsingizini Hotspurs vs Sisonkhe,3,0
Royal Leopards vs Malanti Chiefs,4,1
Jeunes Fauves vs Aigle Royal,2,2
Gazelle vs Victoria United,0,1
Riga vs FK Liepaja,1,0
Kokand-1912 vs Bunyodkor,1,0
Vilkhivtsi vs Bukovyna 2,4,0
Luftëtari vs Pogradeci,3,0
Apolonia Fier vs Burreli,4,4
Korabi Peshkopi vs Iliria Fushë-Krujë,1,1
FK Kukesi vs Besa Kavajë,2,1
Lushnja vs Kastrioti Krujë,1,4
Sporting Charleroi II vs Standard Liège II,0,2
Crossing Schaerbeek vs Union Saint-Gilloise II,0,1
Stockay-Warfusée vs Union Namur,3,0
Habay-la-Neuve vs Albert Quévy-Mons,0,1
Meux vs Tubize,2,2
Rochefort vs Excelsior Virton,3,5
Zhenys vs FK Tobol Kostanay,1,0
2 Korriku vs Trepça'89,0,2
Dinamo Ferizaj vs Suhareka,3,2
Feronikeli vs Istogu,3,1
Liria Prizren vs FC Besa Peja,1,0
Rilindja 1974 vs Kika,2,0
Vjosa vs Ramiz Sadiku,0,2
Vushtrria vs Prizreni,4,1
Arkadag vs Aşgabat,3,0
Luki-Energiya vs Dinamo Vologda,1,0
Tver vs Chertanovo Moscow,0,2
Orenburg II vs Nosta,3,0
Kleinmünchen / BW Linz vs LASK,0,1
Zemun vs Loznica,1,2
Volga Ulyanovsk vs FK Sokol Saratov,0,1
Santacruzense vs Independente SP,2,5
Uniao Mogi vs Maua,2,3
Riopretano vs José Bonifácio,0,1
Itaquá Athletico Clube vs Manthiqueira,2,0
Jaro 2 vs Vaajakoski,1,0
Diamond Harbour vs Sreenidi Deccan,1,2
Ethnikos Neou Keramidiou vs Elassona,1,2
Ethnikos Piraeus vs Zakynthos,0,1
Panthrakikos vs Apollon Pontou,2,0
Pyrgos 1968 vs Aris Petroupolis,1,0
Dukagjini vs Drenica Skënderaj,0,1
Ballkani vs Llapi,0,1
Gjilani vs Ferizaj,1,1
General Caballero vs Independiente F.b.c.,4,2
Resistencia vs SOL DE America,1,3
LCS vs Members,0,0
Lioli vs Maroala,0,0
LMPS vs Lijabatho,0,0
Majantja vs Manonyane,0,0
Virtus vs Juvenes / Dogana,0,0
Laktaši vs Drina Zvornik,0,0
Biemenhorst vs Kleve,2,5
Preußen Münster II vs Schermbeck,0,0
Botev Plovdiv vs Lokomotiv Plovdiv,0,2
FC St. Pauli vs FSV Mainz 05,1,2
Büderich vs Schonnebeck,1,1
Ennepetal vs Arminia II,0,0
Finnentrop / Bamenohl vs Verl II,0,0
Leher TS vs Sebaldsbrück,5,2
Leicester City WFC vs Chelsea W,1,3
Teutonia Weiden vs Düren Merzenich,0,4
Siegburger SV vs Fortuna Köln II,4,2
Frechen vs SSV Merten,1,1
Bornheim vs Eintracht Hohkeppel,3,1
Kabuscorp vs Sagrada Esperança,4,0
Suduroy vs Hoyvík,6,2
Plzen vs Hradec Králové,3,1
Ibri vs Sur,1,2
Ujpest vs Ferencvarosi TC,0,5
NK Lokomotiva Zagreb vs HNK Rijeka,0,3
FC Differdange 03 vs UNA Strassen,0,0
F91 Dudelange vs Victoria Rosport,1,2
US Hostert vs Mamer,4,2
Jeunesse Canach vs Progres Niederkorn,1,0
AS Jeunesse Esch vs Union Titus Petange,1,1
US Mondorf-les-bains vs Swift Hesperange,1,0
Racing FC Union Luxembourg vs Atert Bissen,0,5
Rodange 91 vs UN Kaerjeng 97,0,3
Deutschlandsberger SC vs Voitsberg,0,0
Akron vs FC Krasnodar,0,1
Carl Zeiss Jena  W vs SC Freiburg W,1,5
Łomża vs Legia Warszawa II,3,0
Swit vs Wikielec,2,4
Debrecen II vs Putnok VSE,5,1
Athletic Club II vs Ourense CF,2,2
Mérida AD vs Lugo,0,2
Golemo Konjari vs FK Prespa Resen,0,1
UCAM Murcia II vs Muleño,1,1
Luanda City vs Desportivo Huíla,1,2
Masfut vs Dubai United,0,2
Al Arabi vs Emirates Club,1,0
Al Urooba vs Dibba Al Hisn,1,0
Dubai City vs Majd,0,3
Al Thaid vs Al Jazira Al Hamra,1,0
Al Hamriyah vs Al Fujairah SC,3,2
Damaiense W vs Marítimo W,1,2
Pors Grenland vs Sotra,0,0
Assyriska FF vs Järfälla,3,3
HB Torshavn vs AB,1,1
KI Klaksvik vs Skála,0,0
Falu BS vs Helges,0,0
Nyköping vs Farsta,3,1
Örebro Syrianska vs Nacka Iliria,2,0
Spartak Varna II vs Fratria II,0,0
Svetkavitsa 14 vs Benkovski Isperih,0,1
Kom Berkovitsa vs Troyan 2025,4,1
Bate Borisov vs Dinamo Brest,0,3
Kaspiy vs FC Astana,1,0
FA Šiauliai II vs Hegelmann II,2,0
Fundacion Amigos vs Atenas,4,0
FC Fredericia vs FC Copenhagen,3,3
Struga vs Akademija Pandev,0,1
Tikveš vs Aresimi,1,1
Haras El Hodood vs El Geish,0,0
Masr vs El Gouna FC,2,2
Åsane W vs Kolbotn W,2,1
Murom vs Baltika II,2,1
Antwerp vs Standard Liege,0,5
OFI vs Aris Thessalonikis,0,2
Levadiakos vs Volos NFC,5,2
Lyngby vs Hillerød,1,2
Åland United W vs Ilves W,4,1
Carlos Renaux U20 vs Barra SC U20,1,6
Grafičar vs Tekstilac Odžaci,0,1
TP-47 vs SJK-juniorit,2,2
VPS II vs Kraft,2,2
Apoel Nicosia vs AEK Larnaca,1,0
Rochdale vs Scunthorpe,2,1
Ittifaq vs Hatta SC,1,4
Getafe vs Rayo Vallecano,0,2
Sporting Gijon vs AD Ceuta FC,1,2
Surkhon vs Pakhtakor,1,1
Manchester United vs Liverpool,3,2
SV Wehen vs VfL Osnabrück,2,3
Casa Pia vs Tondela,0,1
União de Leiria vs Farense,0,3
Petržalka II vs Gabčíkovo,1,1
FK Polimlje Prijepolje vs Omladinac Zablaće,1,1
Zira vs Qabala,1,0
Wieselburg vs St. Pölten II,0,2
Kilb vs Ybbs,2,1
Zwettl vs Korneuburg,1,3
Admira II vs Ortmann,4,1
Polanka nad Odrou vs Blansko,1,2
Humpolec vs FS Třebíč,1,1
Žďár nad Sázavou vs Sokol Tasovice,3,3
Ždírec nad Doubravou vs Dálnice Speřice,0,0
Kozlovice vs Brumov,0,0
Bospor Bohumín vs Opava II,0,0
Zabreh vs Bílovec,0,0
IF Elfsborg vs AIK Stockholm,1,1
Gais vs Orgryte IS,4,0
Lillestrøm II vs Finnsnes,3,2
Tromsø II vs Bossekop,1,1
Berane vs Rudar,0,1
Lovćen vs Internacional Podgorica,1,0
Stade Renard vs Colombe,0,0
Ozgon vs Abdish-Ata,2,1
Alay vs Bars,2,1
Alga vs Asia Talas,2,2
Kara-Balta vs Asiagoal,1,3
Hajduk Divoš vs OFK Bačka,0,1
FK Mladost Omoljica vs Naftagas,1,0
Grasshoppers vs Servette FC,0,2
FC Lugano vs BSC Young Boys,1,0
Barcelona W vs Bayern Munich W,4,2
Brzi Brod vs Timok Zaječar,3,0
Padinska Skela vs Teleoptik,0,1
Vlasina vs Sloga Leskovac,2,1
AZ Alkmaar vs Twente,2,2
Sparta Rotterdam vs GO Ahead Eagles,2,2
Excelsior W vs Ajax W,0,2
Twente W vs PEC Zwolle W,3,2
Feyenoord W vs Utrecht W,3,0
ADO Den Haag W vs NAC Breda W,4,2
Hera United W vs PSV/Eindhoven W,1,2
Chrobry Głogów vs Tychy 71,3,2
Dynamo Kyiv vs Shakhtar Donetsk,1,2
BVSC vs Fehérvár FC,1,0
Karcag SE vs Szentlőrinc SE,0,1
Kozarmisleny FC vs Kecskeméti TE,2,1
Mezokovesd-zsory vs Csakvar,1,0
Szeged 2011 vs Budapest Honved,0,0
Tiszakecske FC vs Bekescsaba 1912,2,0
Schalke 04 II vs Borussia Dortmund II,4,0
Dombóvári vs Nagykanizsai ULE,0,8
PTE-PEAC vs Iváncsa,1,1
Pénzügyőr vs Kaposvar,1,3
MTK Budapest II vs Pécsi MFC,1,1
Tiszaföldvár vs Gyulai Termál,0,4
Csepel vs Martfűi LSE,6,2
Dabas vs Dunaharaszti MTK,0,0
Balatonfüredi vs Dorogi FC,1,3
Tatabánya vs Gyori ETO II,4,0
Budaörs vs Zsámbéki SK,8,0
Komárom vs Bicskei,4,3
MTE 1904 vs Gyirmot SE,0,3
Tiszafuredi VSE vs DEAC,0,1
Tarpa vs FC Hatvan,3,1
Füzesabony vs Cigand SE,0,0
Ózd Sajóvölgye vs Gödöllő,1,2
Snina vs Lokomotíva Košice,1,2
Veľké Ludince vs Slovan Duslo Šaľa,3,1
Warri Wolves vs Plateau United,1,0
Shooting Stars vs Nasarawa United,3,2
Barau FC vs El Kanemi Warriors,3,0
Rivers United vs Abia Warriors,3,0
Niger Tornadoes vs Kwara United,2,2
Bayelsa United vs Enugu Rangers,0,2
Kun Khalifat FC vs Kano Pillars,2,1
Enyimba vs Remo Stars,2,1
Stupčanica Olovo vs Travnik,2,2
TOŠK Tešanj vs Radnik Hadžići,0,0
Vitez vs Čelik,0,3
Bratstvo Gračanica vs Tomislav,2,2
Tuzla City vs Igman Konjic,1,2
Jedinstvo Bihać vs GOŠK Gabela,1,2
Chernomorets 1919 Burgas vs Etar Veliko Tarnovo,1,1
Simba vs Young Africans,2,2
Caudal vs Siero,0,1
Llanera vs Tuilla,4,0
Llanes vs Covadonga,1,4
Colunga vs Praviano,0,2
L'Entregu vs Lenense,1,3
Sporting Gijón II vs San Martín,2,0
Mosconia vs Gijón Industrial,0,0
Real Titánico vs Avilés Stadium,2,2
Ceares vs Navarro,3,0
Anguiano vs La Calzada,1,0
Haro Deportivo vs San Marcial,0,0
Calahorra vs Comillas,6,0
Nußdorf vs KAC,2,3
Dellach im Gailtal vs Völkermarkt,3,0
Spittal vs Austria Klagenfurt II,3,1
Grafenstein vs Lendorf,0,1
St. Veit / Glan vs SAK Klagenfurt,1,2
Bleiburg vs Wolfsberg,2,1
Donau Klagenfurt vs TSU Matrei,3,0
Köttmannsdorf vs Ferlach,2,2
Ludesch vs Göfis,2,3
Hard vs Dornbirner SV,2,1
Röthis vs Blau-Weiß Feldkirch,3,1
Nenzing vs Wolfurt,6,3
LAC-Inter vs Slovan HAC,2,1
Wienerberg vs Vorwärts Brigittenau,3,0
Dinamo Helfort vs First Vienna II,2,0
Austria XIII vs FAC Wien,0,2
Simmeringer SC vs Hellas Kagran,1,4
Medeama vs Bibiani Gold Stars,2,0
Nations vs Hearts of Oak,0,1
Aduana Stars vs Heart of Lions,0,0
Dreams vs Asante Kotoko,2,0
Karela vs Young Apostles,2,1
Samartex vs Basake Holy Stars,0,0
Rače vs Čarda Martjanci,0,2
Sibenik vs Kamen Ivanbegovina,1,0
Beluša vs Nové Zámky,2,1
Ebusua Dwarfs vs Ebony FC,0,0
Home Stars vs Golden Warriors,1,1
Inter Allies vs Nania,1,2
King Faisal vs Elmina Sharks,0,1
New Edubiase vs Sefwi All Stars,1,0
Nsuopun Fidelity vs Ashanti Gold,3,0
Okwawu vs Great Olympics,2,1
PAC Academy vs UCC Youngsters,4,2
Port City vs WAFA,3,2
Rospak vs Skyy,2,1
Eleven Wise vs Police National,0,0
Soccer Intellectuals vs Future Stars,2,0
Wa Power vs Real Tamale,1,0
Sokol Brozany vs Sokol Zápy,1,0
Milevsko vs Spartak Soběslav,0,0
Spartak Police n/Metují vs Turnov,2,0
Svitavy vs Vysoké Mýto,1,1
Trutnov vs Čáslav,0,0
Kristiansund BK vs Ham-Kam,1,1
Sandefjord vs Aalesund,1,0
Start vs Tromso,1,1
Zagorets vs Maritsa Milevo,2,1
Follo vs Junkeren,2,0
Aalesund II vs Melhus,2,3
Canon vs Panthère,0,0
Cotonsport vs PWD Bamenda,5,2
ASPAC vs Dadjè,1,0
Coton Sport Ouidah vs AS Sobemap,0,1
Damissa vs AS Cotonou,0,2
Hodio vs Dragons,2,0
Kraké vs Buffles,2,1
Ordabasy vs Aktobe,2,0
AS Trencin vs Komárno,1,2
Red Bull Salzburg vs Sturm Graz,1,1
Cherepovets vs Dinamo St. Petersburg,1,0
Khimik Dzerzhinsk vs Pobeda Nizhniy Novgorod,2,0
AS Gabes vs JS Kairouanaise,0,2
US Ben Guerdane vs AS Soliman,0,1
Club Africain vs Stade Tunisien,2,0
CS Sfaxien vs Olympique Béja,2,0
Fakel vs Enisey,2,0
Chayka vs Torpedo Moskva,0,2
Hódmezővásárhely vs BKV Előre,3,2
Boston River vs Central Espanol,2,1
FC Noah vs Pyunik Yerevan,0,0
FC Urartu vs Ararat-Armenia,0,2
EBK vs NJS,3,1
Leça vs Rebordosa,1,0
Vianense vs Bragança,1,0
Oliveira Hospital vs Louletano,1,1
Vitória de Sernache vs Atlético Malveira,0,0
Monterrey U21 vs Pachuca U21,2,3
Amal Tiznit vs Racing de Casablanca,2,2
Chabab Ben Guerir vs Stade Marocain,0,0
KAC Kenitra vs Union Sportive Boujaad,0,0
Widad Témara vs Riadi Salmi,0,0
Auxerre vs Angers,3,1
Paris FC vs Stade Brestois 29,4,0
Strasbourg vs Toulouse,1,2
Petrolul Ploiesti vs Uta Arad,1,1
Pogon Szczecin vs Wisla Plock,3,0
Radomlje vs Maribor,2,1
Borussia Mönchengladbach vs Borussia Dortmund,1,0
Cortes vs Pamplona,0,0
Ardoi vs Beti Onak,2,2
Huarte vs Cirbonero,2,0
Avance Ezcabarte vs Aoiz,1,3
Peña Sport vs Subiza,2,1
Valle Egüés vs Atlético Artajonés,2,1
Beti Kozkor vs San Juan,2,0
Oberena vs Txantrea,2,1
Izarra vs Bidezarra,0,0
Illueca vs Atlético Monzón,0,0
UD Casetas vs Andorra CF,2,0
Huesca II vs Cariñena,1,1
Zuera vs Belchite 97,0,4
La Almunia vs Épila,0,1
Cuarte vs Almudévar,2,0
Caspe vs CDJ Tamarite,1,2
Binéfar vs Utrillas,5,0
Calamocha vs Robres,2,0
SC Braga B vs Fafe,0,0
Paredes vs AD Marco 09,2,2
São João Ver vs Sanjoanense,2,1
Cittadella vs Arzignano Valchiampo,2,2
ES Agboville vs Racing d'Abidjan,1,0
Ibiza vs Sanluqueño,4,0
Juventus vs Hellas Verona,1,1
Dunaujvaros FC vs Szekszárd,3,1
SC Sopron vs Veszprém,2,2
Al Shabab vs Al Taawon,1,5
Boiro vs Coruña,3,1
Alondras vs Viveiro,1,2
Celta de Vigo III vs Villalbés,4,1
Barco vs Somozas,1,2
Tropezón vs Cayón,3,1
Selaya vs Laredo,1,1
Escobedo vs Atlético Albericia,3,2
Revilla vs Barquereño,1,1
Guarnizo vs Torina,2,2
Cartes vs Castro,0,0
Colindres vs Bezana,0,3
Vimenor vs Montañas Pas,2,0
Portugalete vs Aurrerá Vitoria,1,2
Derio vs Touring,2,1
Santurtzi vs Aretxabaleta,2,1
Lagun Onak vs Eibar III,1,1
Pasaia KE vs Añorga,0,1
San Ignacio vs Deportivo Alavés III,0,1
Deusto vs Leioa,1,3
Real Sociedad III vs Durango,4,0
Zamudio vs Zarautz,0,2
Agoncillo vs Arnedo,1,2
Huracán Balazote vs Tarancón,0,3
Manchego vs Sonseca,0,2
Marchamalo vs Azuqueca,0,0
Albacete II vs Villacañas,1,1
Toledo vs Calvo Sotelo,0,2
La Solana vs San Clemente,0,0
Cazalegas vs Pedroñeras,2,1
Villarrobledo vs Illescas,0,0
Guadalajara II vs Villarrubia,2,0
Sporting Cascades vs Majestic,2,1
CFFEB vs Vitesse,3,2
ASFA-Yennenga vs Réal du Faso,0,1
SONABEL vs ASFB,2,0
Salitas vs Douanes,2,1
Rahimo vs RC Bobo-Dioulasso,4,0
USFA vs RCK,0,0
Etoile Filante vs AJEB,3,0
Bodø / Glimt W vs Stabæk W,0,4
Atlanta vs Tristan Suarez,3,1
Varketili vs Guria,1,1
Stjarnan vs IA Akranes,1,2
IBV Vestmannaeyjar vs Breidablik,1,2
Sporting Cristal vs Cusco,2,2
Dinamo Minsk vs ML Vitebsk,2,3
Atletico FC vs Deportivo Cuenca Juniors,0,0
Concón National vs Municipal Salamanca,0,1
Aarhus vs Sonderjyske,2,1
AFC Toronto W vs Halifax Tides W,0,0
PAOK vs Olympiakos Piraeus,3,1
Al Faisaly vs Al Ramtha,3,2
Al Salt vs Al Wihdat,1,1
Sama Al Sarhan vs Al Hussein,0,2
CSKA Sofia vs Ludogorets,1,0
PPJ vs PuiU Helsinki,0,0
Apollon Limassol vs Pafos,2,1
Budaiya vs Khalidiya,0,1
Bahrain SC vs Malkiya,0,4
CR Khemis Zemamra vs Wydad AC,1,0
Tre Penne vs Cosmos,0,0
Korhogo vs US Tchologo,0,3
Borough vs Heaven Eleven,2,1
Fassell vs Black Man Warrior,1,1
Freeport vs Downtown,2,2
Al Baten vs Al Bukayriyah,0,0
Sabadell vs Real Murcia,2,2
B68 vs EB / Streymur,1,1
Al Taee vs Al Jandal,2,1
Real Betis vs Oviedo,3,0
Real Sociedad II vs Burgos,0,0
Akhmat vs Nizhny Novgorod,2,0
Unión Molinense vs Yeclano II,2,0
Balsicas Atlético vs SFC Minerva,4,0
Montehermoso vs Villanovense,0,3
Gévora vs Atlético Pueblonuevo,1,1
Aldosivi vs Independ. Rivadavia,1,1
Magallanes vs Deportes Copiapo,2,3
Fortune vs GPA,1,0
Medina United vs Falcons,1,0
Steve Biko vs Hawks,2,1
TMT vs Real de Banjul,1,1
Anderlecht vs Club Brugge KV,1,3
N'Zidane vs Gendrim,1,1
Universidad de Concepcion vs U. Catolica,2,2
Ironi Kiryat Shmona vs Hapoel Haifa,2,0
ASKO vs USFAS Bamako,0,0
Diarra vs Binga,0,0
Sparta Praha vs FK Jablonec,2,0
HNK Hajduk Split vs NK Varazdin,3,1
Police vs Chemal,0,1
Soroksar vs Ajka,3,1
Antalyaspor vs Alanyaspor,0,0
Fatih Karagümrük vs Gençlerbirliği S.K.,1,0
Kasımpaşa vs Kocaelispor,1,1
Kayserispor vs Eyüpspor,1,1
SC Braga vs Estoril,1,1
Mazarrón FC vs Águilas II,2,3
Santa Amalia vs Moralo,0,2
Jaraíz vs Cabeza Buey,2,1
Pradejón vs Varea,0,1
Chicago Red Stars W vs Portland Thorns W,0,2
Dacia-Buiucani vs Sheriff Tiraspol,1,2
Podbrezová vs Spartak Trnava,0,3
Ghazl El Mehalla vs Ismaily SC,0,0
National Bank of Egypt vs Future FC,2,1
Ashdod vs Ironi Tiberias,0,3
AJEL vs Stade de Mbour,0,0
AS Camberene vs Gorée,0,0
HLM vs Guédiawaye,0,0
La Linguère vs Casa Sport,0,0
Ouakam vs Teungueth,0,0
Sonacos vs Pikine,0,0
Quepos Cambute vs ADR Jicaral,1,0
Valerenga vs KFUM Oslo,2,2
Dender vs RAAL La Louvière,2,1
SC Freiburg vs VfL Wolfsburg,1,1
FK Sarajevo vs Borac Banja Luka,0,1
FC Ingolstadt 04 vs Erzgebirge Aue,3,5
Chojniczanka Chojnice vs Olimpia Grudziądz,2,2
Fortaleza W vs La Equidad W,0,2
Santa Fe W vs Millonarios W,0,0
Javor vs IMT Novi Beograd,0,0
Mladost Lucani vs FK Spartak Zdrepceva KRV,2,1
Napredak vs Radnicki NIS,0,1
Radnicki 1923 vs TSC Backa Topola,2,2
Jeddah Club vs Al Zulfi,1,1
Aston Villa vs Tottenham,1,2
Al-Ahli Jeddah vs Al Okhdood,4,0
Al-Qadisiyah FC vs Al-Nassr,3,1
Almagro vs Temperley,1,1
Atletico Mitre vs Acassuso,2,0
Colegiales vs San Martin S.J.,2,0
Keflavik vs Vikingur Reykjavik,1,3
FH hafnarfjordur vs Fram Reykjavik,3,4
Academica vs Varzim,1,0
Macara vs Orense SC,1,2
Atletico Escobar vs Defensores de Belgrano VR,3,2
Deportivo Rincon vs San Martín Mendoza,1,0
Villa Mitre vs Olimpo Bahia Blanca,0,0
Jacobina U20 vs Camaçariense U20,0,0
Catuense U20 vs Grapiuna U20,0,0
Conquista U20 vs Barcelona BA U20,0,0
Universitatea Craiova vs Dinamo Bucuresti,2,1
Apafut U20 vs Esportivo U20,1,2
São José PA U20 vs Grêmio U20,1,1
Novo Hamburgo U20 vs Ypiranga Erechim U20,2,2
Caxias U20 vs SC Gaucho RS U20,3,1
SERC Brasil U20 vs Juventude U20,0,2
Panathinaikos vs AEK Athens FC,0,0
Macva vs FK Vozdovac,1,0
Paulínia FU vs Guarulhos,3,0
Metropolitano vs Hercílio Luz,0,0
Nação vs Guarani de Palhoça,1,0
Jaraguá vs Fluminense-SC,1,2
Raja Casablanca vs Difaa EL Jadida,1,0
UTS Rabat vs FUS Rabat,0,2
Crotone vs Audace Cerignola,1,1
Pianese vs Ternana,1,1
Casertana vs Atalanta II,1,0
SS Monopoli vs Casarano,0,2
Trento vs Giana Erminio,1,2
Pineto vs Gubbio,2,1
Lumezzane vs Alcione,0,0
Leonico vs SSA,0,3
Fluminense De Feira vs Redenção FC,5,0
SOA vs Stella,0,0
Germinal de Rawson vs Alvarado,1,0
Stal Rzeszów vs Wisla Krakow,1,2
Juan Pablo II College vs Universitario,1,4
Eldense vs Marbella,3,1
Almirante Brown vs Chaco For Ever,1,0
Gimnasia Jujuy vs Deportivo Maipu,1,1
Liniers vs Talleres Remedios,0,1
Berazategui vs Lugano,2,0
Claypole vs El Porvenir,1,2
Mercedes vs Juventud Unida,1,1
Puerto Nuevo vs Leandro N. Alem,1,4
Victoriano Arenas vs Estrella Del Sur,3,0
Yupanqui vs Central Ballester,2,0
Atletico Atlas vs Leones de Rosario,3,2
Hope Internacional U20 vs Operário PR U20,0,1
Azuriz vs Sao Jose,1,1
Oratório vs Águia de Marabá,1,2
US Bougouba vs Onze Créateurs,0,0
Racing Montevideo vs Atletico Torque,1,1
Rio Branco PR vs Araucária,2,5
Toledo vs Parana,0,2
Inter vs Parma,2,0
Lyon vs Rennes,4,2
Juventus U23 vs Vis Pesaro,2,2
Espanyol vs Real Madrid,0,2
Las Palmas vs Valladolid,2,1
New York City FC vs DC United,0,2
Belgrano Cordoba vs Sarmiento Junin,4,0
Gimnasia L.P. vs Argentinos JRS,2,0
Racing Club vs Huracan,0,0
Rosario Central vs Tigre,1,1
Flamengo vs Vasco DA Gama,2,2
Sao Paulo vs Bahia,2,2
Ciudad de Bolívar vs Ferro Carril Oeste,2,4
Patronato vs Nueva Chicago,2,1
Boston Legacy W vs Denver Summit W,3,2
Santiago Wanderers vs Deportes Temuco,2,2
Philadelphia Union II vs New York RB II,1,2
Supra du Quebec vs Cavalry FC,0,1
Operario-PR vs Londrina,3,0
São Bernardo vs Ponte Preta,3,0
9 de Julio Rafaela vs Gimnasia Concepción,4,1
Argentino Monte Maíz vs Cipolletti,2,0
El Linqueño vs Gimnasia Chivilcoy,1,1
Sarmiento Resistencia vs Boca Unidos,1,1
Sol de América vs Tucuman Central,3,0
Sportivo Las Parejas vs Douglas Haig,0,0
Barbalha vs Icasa,1,0
America-RN vs Maguary PE,0,0
Atlético Alagoinhas vs ASA,2,1
Araguaína vs Humaitá,6,0
Brasiliense vs Aparecidense,1,1
CRAC vs Ipatinga,1,0
CSE vs Jacuipense,3,2
Nova Iguaçu vs Velo Clube,0,0
Parnahyba vs IAPE,3,1
São Luiz vs Cianorte,0,1
Sousa vs Laguna,1,0
Gualberto Villarroel SJ vs Bolívar,1,2
Cacerense vs Paulistano MT,0,0
Uirapuru vs Ação,2,2
Rio Branco-VN vs Vilavelhense,2,0
Bolívar vs Aragua FC,0,0
Barreiras FC vs Camaçari,9,0
Rio Ave vs GIL Vicente,0,0
Godoy Cruz vs Deportivo Moron,2,2
Midland vs Club Atlético Güemes,2,1
Santiago Morning vs Deportes Rengo,1,0
Sarmiento de La Banda vs Defensores de Vilelas,1,2
Club Atletico Barinas vs Puerto Cabello II,2,1
Atletico el Vigia FC vs Real Frontera,0,1
Urena SC vs Zamora FC B,0,2
Racing Cordoba vs Deportivo Madryn,2,2
Pride of Gall Hill vs UWI Blackbirds,1,0
América de Cali W vs Deportivo Cali W,0,1
Orsomarso W vs Internacional Palmira W,0,0
Amazonas vs Caxias,1,1
Ferroviária vs Anápolis,1,0
Volta Redonda vs Brusque,1,1
General Velásquez vs Provincial Osorno,0,1
Juventud Antoniana vs San Martin Formosa,0,3
Ferroviario vs Piauí,2,1
Nacional AM vs Sao Raimundo,0,0
CEOV Operário vs Ceilândia,0,1
Primavera MG vs Inhumas,2,0
Sampaio Correa vs Maracanã,0,0
Dinamo de Puerto La Cruz vs Mineros de Guyana,0,0
Petare FC vs Atletico Avila FC,1,0
Ittihad Tanger vs FAR Rabat,0,0
Salcedo vs Delfines Del Este,1,0
Unistars vs Estrella,2,3
Union Comercio vs Molinos El Pirata,1,2
Deportiva Agropecuaria vs U. San Martin,2,2
Comerciantes vs Estudiantil CNI,1,1
Alianza Valledupar vs Millonarios,2,2
Deportes Tolima vs Deportivo Cali,1,1
Fortaleza FC vs Bucaramanga,2,1
Independiente Medellin vs Águilas Doradas,1,2
Santa Fe vs Internacional de Bogota,3,1
Alianza Atletico vs Sport Huancayo,4,1
Delfin SC vs Mushuc Runa SC,1,0
22 de Julio vs 9 de Octubre,0,1
Cumbayá vs San Antonio,0,3
Cuniburo vs Ind. Juniors,2,2
Inter Moengotapoe vs Flora,9,0
Arnett Gardens vs Spanish Town Police,6,0
Dunbeholden vs Mount Pleasant Academy,0,5
Molynes United vs Harbour View,0,1
Montego Bay United vs Treasure Beach,0,2
Racing United vs Portmore United,1,1
Tivoli Gardens vs Cavalier,0,2
Waterhouse vs Chapelton,3,0
Sporting JAX W vs Brooklyn W,2,1
NJ/NY Gotham FC W vs Racing Louisville W,1,0
Sport Recife vs Ceara,2,0
Botafogo W vs RB Bragantino W,0,3
Galvez vs Guaporé,3,3
Tombense vs Rio Branco ES,0,0
Potters Tigers vs All Saints United,1,2
The Strongest vs ABB,3,1
Austin vs St. Louis City,2,0
River Plate vs Atletico Tucuman,0,1
Chapecoense-sc vs RB Bragantino,1,2
Internacional vs Fluminense,2,0
Colo Colo vs Coquimbo Unido,3,1
Cobreloa vs Antofagasta,2,0
Real Monarchs vs Portland Timbers II,0,3
Atletico Goianiense vs Juventude,0,0
CD Marathon vs Real Espana,1,0
Columbus Crew II vs Inter Miami II,3,1
Paradise vs Wotton,11,2
Leones del Norte vs Emelec,2,0
San Francisco City vs Sportivo San Juan,3,0
Maringá vs AO Itabaiana,4,2
Paysandu vs Botafogo PB,4,2
Real Apodaca vs Deportiva Venados,2,4
Municipal Liberia vs Deportivo Saprissa,1,1
Carabobo FC vs Metropolitanos FC,0,0
Nacional vs Real Koyari,7,0
Municipal vs Guastatoya,2,0
America de Cali vs Deportivo Pereira,1,0
Junior vs Deportivo Pasto,4,3
Monterey Bay vs FC Tulsa,1,2
Club Guarani vs Nacional Asuncion,0,1
San Diego Wave W vs Bay FC,0,1
FBC Melgar vs UTC Cajamarca,2,0
FC Cincinnati II vs Toronto II,5,0
Pacific FC vs Vancouver FC,1,3
Leo Victor vs FC Inter Wanica,0,0
Voorwaarts vs Robin Hood,0,0
Monte Roraima vs Manaus FC,2,2
Albion FC vs Club Nacional,3,2
Club America vs U.N.A.M. - Pumas,3,3
Cancún vs CDS Tampico Madero,1,1
Mirassol vs Corinthians,2,1
America Mineiro vs CRB,1,2
Avai vs Novorizontino,3,3
